uid;company;position
29380732;Минераловодский филиал ГБУДПО СРРЦ;Старший методист
162559598;ТРЦ МореМолл Сочи-Фристайл;директор
198984436;essar;area manager
225188328;Коллегия адвокатов Карагандинской области;Адвокат Центральной Юридической Консультации г. Караганды
5032496;Госказначейство;нач. отдела
79150891;артис;актер
122378339;Галактика Млечный путь;Джедай имперкой армии принцесы Леи
38992386;xxxxxxxxxxx;XXXXXXXxxxxxx
138332693;ПОСТАВСКОЕ УКС;ИНЖЕНЕР ПО КАЧЕСТВУ
17771283;ООО ТДУралграфит;Технический директор
171755762;Восток Т;полировщик
46485462;МГСУ;Проректор
9038336;Спорт-клуб Индиго;Тренер
286114896;ООО Магистраль;Заместитель главного инженера
155289668;ЖКХ;водитель
39329131;ООО Яливец;работяга
21742133;МОУ Мамаканская СОШ;учитель, зам.директора по воспитательной работе
54153784;завод СЗФ;дежурная на электроподстанции
104147699;ЕПК;СТУДЕНТ ПРОХЛАДНОЙ ЖИЗНИ
215098521;Салон SOFI;Администратор
218796305;в органах;Старший инспектор
211660460;КП ОГЭТ;Водитель трамвая
115853111;войсковая часть;разная
98911552;школа 75, больница 12;учитель
135878720;лесничество;мастер леса
71375830;МТТ;Оператор товарный
26836430;Горэлектротранс;Водитель
126809214;ООО Альна;Директор
257507420;Выездной БАТУТ;монтажник
101292478;Высшая Лига;Продавец консультант
134079960;????;????
359371246;ксм;Монтажник
29274351;Priemer Foods;Production operative
17536219;завод Импульс;Главный пиротехник
56481597;Модельное агенство;Модель
136098992;КЧГМА род.дом;акушерка
58896937;еще пока нету));будущий банкир))
87509182;Театры;Актриса
7436556;Департамент социальной адаптации;Фельдшер
100018516;школа  2 торая;ШКОЛЬНИК
58477970;УПЮСТЫНА;ШВЕЯ
102720220;ОАО Биохимик;инженер
240969283;*************************;*************************
145685835;ни где не работаю;выпускник
38930896;Калуга;Бухгалтер
69751680;мене поки це не дуже цікавить....;=р
154096824;оао ржд;помощник машиниста тепловоза
33089394;торговый центр глобус;зам заведующая
7661331;ЦЛ КИПиА, НГМК;Инженер-программист
201054169;Вч 3022;Стрелок
61280371;Zara;Man Section Manager Assistant
76891109;ГУП Белводоканал;инженер-химик ИЛКПВ
96036835;аптека№319;зав.ОГФ
150252383;Sharm El-Sheikh;Diving
185873128;ЦДШИ г.Чехова;Заместитель директора по внеклассной работе
142403184;КСК Авто;охранник
27723907;Компания БугстримМаркетУкраина;офис-менеджер
133132884;киллер;снайпер
194809411;зао амс   мзмо;слесарь - сборщик
369892283;ГБОУ школа №268;Учитель английского языка
114053986;ООО ИнвестГрупп;Директор
15168131;Киев,офис на Красноткацкой;Самый главный
356269738;СК Статус;Начальник отдела
200452702;ABVV West-Vlaanderen;Administrative Assistant
81771653;Преподаватель.;Информатика
4433181;КнААЗ;Технолог
72522905;цу;ццццццц
139904499;ресторан;просто повар
143905323;авто;механик
37261903;ООО Гавриловка;Диспечер по производствы и сбыту товара
206827306;егорлыкская;охраник
195439872;Сакулинсая ООШ;учитель биологии и географии
110605179;ОТДЕЛЕНИЕ ОАО БЕЛАГРОПРОМБАНК;Ведущий СПЕЦИАЛИСТ ПО ОКР
62394198;трутенник!;Пенсионер
113596038;группа Ранетки;ритм-гитара
51932107;НЦРБ;Врач
188701476;красное знамя;литейщица
66983497;ооо Гидравлика;сварщик
147664109;ютз заря;слесарь сантехник
87235998;Площадь ленина;ленин
232506153;ХЛІБА КИЇВЩИНИ;Бригадир
135291244;Южный Двор;Директор
3558897;B.S.A.T.;Инженер
54579435;"""""РУП Белтелеком";ЛЕНТЯЙ     5-го  разряда
64770860;Грата;бухгалтер
73919338;Не работаю;Не работаю
35831334;Укрексимбанк;економист
61415710;МОУ СШ№1;заместитель директора
268026748;ОАО Новосибирскавтотранс;Главный бухгалтер
334711036;ООО ЦТА и СМ;Врач
268104276;ТОО Асыл Арман;Инженер-строитель
140124565;Магазин одягу Шик;продавець-консультант
230678557;ххххх;бляяяяяяяяя
4823028;Россия;Свободный художник
78540784;Агенство недвижимости Александр;Агент
104324078;Собинская районная организация профсоюза работников образования и науки РФ;Председатель
7533461;Спб Городская коллегия адвокатов;адвокат
330862915;СУМИ;МЕЧЕР_ ДАЙЗЕР
28679642;Укр Бекорн;Расфасовщик полуфабрикатов
137350201;командор;помощник-повара
138569059;Renaissance Capital investment bank;asosiate
150535861;Фабрика по производству грязи;Директор по производству
235794502;азовсталь;рабочая
157112056;УКП Бобруйскпроект;ведущий инженер
282827124;Clothes On You;Owner and Manager
5128626;ООО Жить хорошо;менеджер отдела рекламы
93553753;трк;администратор
53012851;бизнесмен;директор
71209011;ДЦППК;Преподаватель
72754837;Саквояж;арт директор
91877654;Бaм;Охоронeць
75335625;СТЗ;Шихтовщик
39936608;МЛПУ ПЛАСТСКАЯ ЦГБ;Экономист
7456712;Упоровской РДК;DJ
51846805;кухня,плита,ванная,стеральная машинка.;главная
24115541;Птицефабрика пермская;Обвальщик
97851322;Военный комисариат;начальник отделения призыва
227297332;ЭЧ-4;Электромонтер ВЛ СЦБ
98387879;Дома за компом;DeD
239039469;Івано-Франківське музичне училище імені Дениса Січинського;Діловод
91029457;ООО из кирова не видно;ведущий специалист по неясным вопросам
38157831;ООО Эксперт . Стомус (ул. Павлюхина , д.87) тел.: 277-75-53, 277-79-64. Ежедневный прием :I смена с 8.00-14.00,II смена с 14.00-20.00.Субб. с 10.00-18.00 (воскр.-выходной);Врач стоматолог ортодонт, врач стоматолог терапевт
98035122;НЕ ВЕРЬ, НЕ БОЙСЯ, НЕ ПРОСИ;дай, подай иди на х... не мешай))))))))
288239588;ООО Джоржио Викторио;Диреткор
90720136;можгинское црб;зубной врач
89908429;Воложинская ЦРБ;Врач-хирург
102400031;ИП Иванов;Дизайнер
93333519;Райффайзен;Гл.эк-т
346517684;ООО Интестройтеплосервис;Директор компании
156813458;ОБУСО ХВойнинский СП;Воспитатель
66103784;OOOАмед;Экономист
144563922;9 МРО Минусинский ЭКЦ ГУ МВД России по Красноярскому краю;эксперт-автотехник
154502301;Фирма;Финансист-экономист
72902984;GB 1;vrach KDL
118177359;Виноградивська Ц Р Л;физична реабилитация/ масаж
240325104;Б.С.Н.П;Анестезиолог-реаниматолог
153519835;Свердловская исправительная колония №38;Начальник отделенис СПС
81412055;Школа;Вчитель
142533874;ЦГКБ№6;метролог
23608564;Экономичный универсам В двух шагах;Администратор
895500;НТЦ Технологии информационных систем;Директор по проектам
44053241;Завод;электро-монтер
137778755;тч-2;начальник
102513044;Радиоволна;повар
105894133;т.д ждановичи;денежная
144189380;ЗАГС;специалист
140268694;ИП Аюбов А.А.;кинолог
31698327;ООО Про менеджмент;Менеджер
4330722;ОАО ММЗ;Инженер-конструктор
54002636;ООО Мантрак-восток;инженер
324307874;РЖД;диад
133505530;свой салон красоты;хозяйка
140947531;ф\к бананц;массажист
82789590;Лисичанская городская детская больница;Заведующий соматическим отделением
253283082;AICM NGO;President
88872370;ооо татвойлок;старший вахтер
59118079;ООО.ТЭСС;Эл.газосварщик
115333472;"Eagle Accounting &amp; Payroll Services, Inc.";President
144803169;ОАО ВНИИАЭС;Экономист по труду и заработной плате
112426897;делать мне нечего.....;сижу дома смотру телек.....вот моя должность.........
137165584;ОАО Информационные спутниковые системы;Техник
106215555;склад Черный Кот;Кладовщик
103361944;СДЮШОР  Горизонт;Плавец 1 разряда
153199185;ТТТТТТТТ;ДДДДДДДД
140136624;Администрация района;Управляющий делами
83686311;Укрпошта;гол.економіст
158389408;Стоянка;Охранник
1865579;Там где звезды;Сама-себе АНФИСА ЧЕХОВА
6344632;ГР. ШАН-ХАЙ;КОНЦЕРТНЫЙ ДИРЕКТОР
94074819;ООО ШМЗ;Менеджер по продажам
82904970;qqqqqqqqqqqqqqqqqqqqqqqqqqqqqqqqqqq;qqqqqqqqqqqqqqqqqqqqqq
152989285;ИП Садаков КанЦмаркет;Старший продавец-консультант
147971388;военская часть;генерал
222777237;Жопа;лазеть в жопа
95987180;ТОО  ПК Цементный Завод Семей;Маркшейдер
73195307;o/у ОУР РОВД;старший помошник младшего конюха
96386822;ДКАРОСТВЕРТОЛ;директор
186774605;Клуб 220;Тренер танцевальной аэробики
86870203;Verizon;SysAdmin
116314929;ООО ИНВИТРО;мед.техник
34945052;Водоканал;слесарь кип
226163370;Emgoldex;Инвестор
330895427;PT ANAK JALANAN FC;BOS
30436282;The Central Intelligence Agency;Spy
47502430;Дневной дозор;Магистр чёрной магии
188664094;Кирпичный завод;зав.складом
60204275;Griesson;maschienenbedinerin
178984672;Санкт-Петербург;Водитель
340492914;ШУГАРИНГ - Сахарная депиляция . Нижний Новгород;мастер
136544379;автосервис;начальник
312931729;школа;Учитель физической культуры
140463613;салон красоты;администратор
139092837;Детский лагерь.;Вожатая
243603229;ООО СВ-Мастер;Генеральный директор
55710329;постоянно разное место работы в моей трудовой деятельности получается;любое строительное исполнение если сойдемся в цене
196667415;ИП;Директор фирмы
166320075;голубая горка;Технолог общественного питания
166635246;КЛПУ№2;медсестра УЗДГ
211016104;МЧС России;Ведущий специалист
150821358;Стоя раком у дивана;Подрочун
231962834;Formula Sochi;Head of PR
65479011;ООО КЗ ПОиСК;Менеджер
301713314;ООО РОСИ;сборщик конструкций из ПВХ
66201988;Нэшинал;промоутер
64803561;НИИ;Техник-сан
201805248;Пиво цех;Начальник цеха
360590106;Льнокомбинат;Помощник мастера
169199338;СШИ № 28;Учитель русского языка и литературы
96517312;Юнистар;водитель
163102795;Platinum bank;кредитор
143774811;ОАО Белгазпромбанк;Кассир-контролер
324894137;Международная компания;Менеджер по работе с клиентами
71547557;ШМТ;Главный специалист
131649125;БЕЛЫЙ ДОМ;высокооплачиваемая
101116322;главный тренер коьанды реал модрит;главный тренер
35955848;ОАО(ПСК);мастер
183709820;гор больница№7 род дом;Акушерка
206685229;магазин;Продавец-консультант
371136572;В Компании;менеджер
157958542;свой бизнес;Управляющий компанией
79975822;РВК_1250;судовой электрик
135514945;школа;ученица
87739065;МГЮА;безопасность
162194959;школа*;ученица*
66682873;СШ №2;учитель - дефектолог
89015868;ПРОДМАРКЕТ №1;СТ ПОВАР
175729562;Validio Ukraine;Tester
184734709;Елита бурджи;Менеджер
310947215;на пенсии;мама   бабушка жена
69501658;LWS and Partners;Partner
68460580;ОАО Куйбышев Азот;директор
61452360;Homoffice;Finanz- und Versicherungsmakler
51164897;Администрация президента РФ;Личный советник президента
210820352;ООО БАНК ХОУМ КРЕДИТ;кредитный специалист
65089516;Євро- модуль;інженер
66190230;REON;Глава холдинга
40085063;ОАО СК Универсальная;Ведущий специалист по страхованию
73691063;Челябинский АвтоРынок;администрация
52801430;Богда-Нико;Таксист
143237422;МОУ ДОД ДШИ №1;Преподаватель хореографических дисциплин
69020069;МОУ СОШ д. Мулдакаево;Военрук
124074190;ЗОЗ.;рабочий
239758890;ООО УПЗ;сборшица
61027620;верховна рада хд);тугодум хд)
343496445;ООО Монтаж Оборудование Плюс;Управляющий домом
133192813;КГБУЗ Кожно-венерологический диспансер, г. Бийск;Секретарь
33511232;РФ;Разно рабочий
5711842;юридическое бюро консультант  7;ген.директор
51111330;МДОУ д/с № 26;воспитатель
154602765;Работаю у компьютера по два,три часа);Лентяйка)
169480773;ЗФО Ситибанк;Специалист по продажам банковской продукции и услуг
125229878;ФРФ;гл. механик
118252110;Территориальное Отделение Департамента Казначейства МФРТ;специалист I разряда
41769188;фирма;преподаватель
63543291;nokia;менеджер
73936332;гостиница;Администратор
77435336;пс Куанда;ДЭМ
95019220;федерация футбола;инструктор
193258244;автомаляр;управляющий
155124406;не определилась;нету
161112580;школа №16;ученик
102291549;Менеджер;Менеджер по продажам
63448045;РОО;Зам. главного бухгалтера
250771249;компания Форсаж;Управляющий директор
142619037;Карталинскиё Детский дом;Воспитатель
214018515;ТОВ «ОВБ Алфінанц Україна»;FT-2
326090198;ГКП на ПХВ Сарканская ЦРБ СБ с Лепсы;Фельдшер скорой помощи
157066495;Центр ГИМС МЧС России по ЧР;руководитель Сурского инспекторского участка-старший государственный инспектор по маломерным судам
42817315;улици;гаффист фирма ..:::NFS:::.
92957868;тхекводо;тхеквондист
156994819;говно;помоешник директора
62971017;eProcurement Kabupaen Bogor;Administrator Server
3171740;Морозовская Детская Городская Клиническая Больница;врач, детский хирург
58747358;администрация;председатель КП
174580898;...;----
103248613;ОДО Промэко;Инженер-эколог
69035226;м. академическая;секрет
19063441;ООО Пластал;Менеджер по продажам
216891031;Отдел №29 Управления Федерального казначейства по НСО;Главный казначей
101628196;ЮКОС;финансовый директор
152368873;МУЗГССМП;Фельдшер выездной бригады
4942153;ТГПУ им.Л.Н.Толстого, факультет искусств, социальных и гуманитарных наук;старший преподаватель
118470994;ОМЗ Спецсталь;крановая-машинистка
156848848;школа;язь
44987209;КМ;Мясообвальщик
139336398;сбербанк;гениральный деректор
151855321;Т.Г.Ю.И.;Dispatcher
289436419;appliance egypt;Accountant
73777430;ЯООООО ВДПО;Важный человек
220106224;СТРОЙНОРДХОЛДИНГ;ОПЕРАТОР МАНИПУЛЯТОРА
138906971;авиакон;механик
70610207;ОАО Мобильные ТелеСистемы;Специалист ОИО
1263782;Пенсионный фонд;автоматизатор
254219080;Funda??o de Sa?de Parreira Horta - FSPH;Administradora
165680131;служба;Водитель
13859796;Giardino;SysAdmin
3114156;ИП Бабич А.Ю. Мебельное производство;Руководитель
99462454;театр романа Виктюка;актёр
135746812;Школа№ 23;Ученица)))
160301866;Клуб Гараж;Бармен
112447343;Алигарх;Кошелёк призедента
68766895;БСМП;Мед брат -гипсотехник
209885322;везде;маньяк
96122498;Преображенская.;Сварщик,монтажник и установщик кондецанеров,автомеханик
209918264;ТОООтаным Елим Астана ;ул Омарова 100
124913681;нету;нету
112824367;Северное железнодорожное агенство;билетный кассир
57289103;Охрана;Охранник
117119305;ИП Байер И.Ю.;Продавец-консультант
73464741;jhy;fgjjf
133165881;ОАО Волгогаз;Старший геодезист - руководитель группы
143031320;*Новогор-Прикамье*;Менеджер
199219827;школа;учится
116601539;Аптека N15;заведующий аптекой
33317889;ГБУ МФЦ города Москвы;ведущий специалист
260479862;РУСГЛОБАЛ Аренда, Продажи квартир Иркутск;Специалист по недвижимости
71167408;Школа;Викладач
62755820;ГКпВС РФ;зам директор по внешним отношениям компании
288911392;Студия звукозаписи «Шанс»;Звукорежиссер, аранжировщик
55459758;ОСП;стоматолог-терапевт
110862199;Духи-Франция Mon Etoile 35мл-1500,50мл-2300;Директор салона Магия красоты
158723173;ПОКА НЕ РАБОТАЮ;ХОЧУ БЫТЬ ПСИХОЛОГОМ ИЛИ ВОСПИТАТЕЛЕМ
262803700;сервис центр;Мастер
183276269;????;??? ????? ?????
66912829;ОАО КПИИ ВНИПИЭТ;инженер
132776624;магазин;продавец чп
201522603;аеро клуб;техник по обслуживанию самолетов
40452533;Полтавгаз;Начальник по учету Ленинского района
731892;ЗАО Ай-Теко;Help Desk
93271660;РОСТОВ НА ДОНУ;ИЗВОЗ)
114688454;СДС Фаворит;Пекарь
41836723;Служба;Стрелок
184917359;Балаковский порт;электромантер
78349422;КНУ им Т.Шевченка;аспирант
31311531;4 ЦЕХ-ТПЦ Бывший НЗНТ а ныне-Centravis Production Ukraine;Слесарь-ремонтник 6го розряда
168447204;ИП;Автослесарь
3437193;ЗАО РКСС;сметчик
66606580;ОАО  Хороший свидетель - мертвый свидетель;Специалист по уничтожению трупов :D
109024951;Роспотребнадзор;зам.начальника отдела
103091372;школа №2;учиник
42151686;ОАО ВВППК;Кассир билетный
201626037;РОСРЕЕСТР;Заместитель начальника отдела
103249380;пока не работаю;пока не выбрала
249408322;школа;ученица
165731276;ип первушина;продавец молока
234861055;Черновицкий ГИОВ;Медицинская сестра
183299032;Кемпендяйская СОШ;Учитель физической культуры
246709313;сфера озеленения;Бригадир
1675207;Экрос;специалист по оборудованию
255673787;Объединение Варкетили;Главный технолог
112093080;ЗАО Бетон;Мастер цеха
9067902;Системы безопасности;менеджер
86077404;УФПС;оператор
84261325;ООО СтальСиб;крутой
196297646;банк;Руководитель филиала
84759908;ОАО НК РОСНЕФТЬСМОЛЕНСКНЕФТЕПРОДУКТ;БУХГАЛТЕР
3627090;Международная радиоэкологическая лаборатория;зав отделом, снс
2750962;фриланс;дизайнер
26230410;ОАОЗавод Сланцы;Мастер
15247952;Філія ПАТ Волиньгаз  Ківерцівське УГГ  Рожищенська дільниця;Майстер служби підземних газопроводів і споруд на них
2767264;ВГТРК Радио России;Режиссер радиовещания
40096784;ООО ВСК (Волжская Строительная Компания);Оператор установки лазерной резки металла с ЧПУ
5927818;Администрация;бухгалтер
84737487;ребовский зал (дюсш);баскетболист!
193040103;Администрация с.Эрги-Барлык;Главный бухгалтер
9000728;ТНШС;подземный электромонтажник
96965205;г Тетюши;оператор фото лаборатории
151053070;ГУСП Алексеевский;овощевод
22364061;по союзу;электромонтажник
103785725;Госдума;Призедент
96942984;dfgddfg;dfgd
85350757;ПГТТК;мастер п/о
30300814;НГМА;сварщик
74747297;ООО Финансовая группа Эдвайс;старший специалист
364765672;Самостоятильная;Скульптор
91818281;сахарный завод;грузчик
86134589;режиссер;Director
162713321;фитнес;Инструктор по фитнесу
71755486;ооо. русь;Водитель
139548014;водитель;начальник охраны
197676846;свой бизнес;директор
59914754;МЧС пожарная охрана;Мл. инспектор ОПП
71220447;ГЦКЗ РОССИЯ;Редактор
162140328;на пенсии;Врач-АНЕСТЕЗИОЛОГ
130109437;шк. 92;ученик
5036185;авто-сервис СТАРТ;мастер по развалу
152763063;ОАО Волтаир-пром;Вулканизатор
207556024;Симфоническая Капелла;Артист хора
45471804;НАБТ  оперы и балета РБ;Артистка балета
40184398;Краснодарский край;Джамшут
32094608;Японский ресторан;официант,повар
107295854;в туалете;пиздюк
90524159;ЗАО УМК;Шеф
135165599;БГСХА;Заведующая учебной лаборатории на кафедре химии
50688752;Нету;Нету
68033789;учусь в школе;Ученица
61515031;safasdf;asdfasdf
94676065;ФБУЗ Центр гигиены и Эпидемиологии в забайкальском крае;Помошник врача по общей  гигиене отделения  гигиены труда, неионизирующих илучений и других физических факторов
86233277;ыыыыыыыыыыыыыыы;ыыыыыыыыыыыыыыы
4261522;школа;Учитель нач. классов
40050722;МОБУ СОШ № 4;учитель
68358147;Модельное огенство.;Модель
99108462;Орбит;Торговый представитель
237878021;Студия эстрадного вокала;Преподаватель
96236932;МАДОУ Светлячок;Учитель-логопед
85333719;птицефабрика;инженер кип и а
161049973;директор;гпп
144412412;Предприниматель;Директор своей жизни
358560080;"C &amp; M Duty Free, Inc";Manager
64263843;VErbilovo;PrezeDenT
106614231;за правду на земле;следящий за равновесием добра и зла!!!
192316679;нету;нету
66468575;еманжелинскхлеб;водитель
270603532;РАБОТАЮ;Водитель
154313920;ресторан;повар
281828740;ОАО АВТОВАЗ;Ведущий инженер
30393714;склад;Грузчик-экспедитор
37691417;завод полиэтиленовыхтруб;Машинист
120605631;коноха;ниндзя
113921081;о;о
12345318;Укртелеком;инженер 2 категории
139052470;Арена Сити;Диктор
13569170;ВЕДУЩИЙ, ДИДЖЕЙ И ПЕВЕЦ ВАШЕГО ПРАЗДНИКА г. ЕКАТЕРИНБУРГ;Вокалист, Диджей, Ведущий
77079565;банк;банкір
4107409;МП СПБ;главный по общим вопросам
108628390;авто люкс;шиномонтажник
60776632;ООО СтройАвангард;достойная
67939632;Банк;Менеджер
247839535;YouTube;*****
137122543;Рудник Апрелково;Мастер Энергоучастка
143839387;МБОУ Чазевская ООШ;Главный бухгалтер
69517490;В процессе;В процессе
24468126;РИАМЗ;Научный сотрудник
57622720;agroma trading;juhatuse liige
56563620;J?rmalas slimn?ca;Glavnaja medsestra
60637542;cafe cartel;cook
133446989;аптека;фармацевт
90809748;Государственная служба;Служащий
167889714;Исследовательский центр проблем энергетики Федерального государственного бюджетного учреждения науки Казанского научного центра Российской академии наук;Главный бухгалтер
228195902;Южр шахта 45;Горный инженер
88567375;ООО Очки Для Вас;Кладовщик
101654679;ДОУ д/с 854;воспитатель
96436748;Телефонист));Кабельщик:)
8701915;Центр цементирования скважин;вед. экономист Финансово-экономического отдела
53062608;Находкинская таможня;Гл. гос.там. инспектор
1911177;ЗАО СЗИК;Ведущий инженер
226333429;ГУ Отдел образование г. Семей ВКО;гл. специалист сектора школьного образования
108897772;шахта Краснокутская;гроз
115264071;ООО Алита;Водитель
32953419;Дума Ставропольского края;Помощник депутата
185562760;ОООСКПетроАльянс;Торговый представитель
68640303;Тепло-Огаревская ЦРБ;Водитель скорой помощи
104211346;Д/С №141;Воспитатель
198875846;Westgate Tours;Teacher
79552760;в/ч 10524;телефонист
36758606;И.П )));Директор фирмы
6793055;ТИПОГРАФИЯ SkyDeck;Designer
24950450;Agente di Assicurazione;Sub Agente Assicurativo
247382645;EHSAA;Employer
181021810;ПАТ Укрнафта 09/034;Оператор 2-го розряду
104029388;МБДОУ №9 Рябинушка;Воспитатель по обучению детей татарскому языку
18706732;МУК Дом-музей генерала армии Н.Ф.Ватутина;Научный сотрудник
55193526;МПЛ№2;мастер п/о
260863947;Администрация Фрунзенского района города Владимира;Юрист
71059836;Вагонное депо Московка;Бригадир
213655427;КПЖЭО №8;Слесарь
77857229;Замок;Король
177431704;ПАО ДТЭК Крымэнерго Джанкойский РЭС;Техник ПТГ
272984516;АОЗЕНИТ;Сварщик
304395727;ОАО АНПЗ ВНК;Водитель
305171331;Уличненська сільська рада;головний бухгалтер
28847195;Прокуратура;Прокурор
74262714;Балезинская ЦРБ;инструктор лфк
10671801;юридическая консультация;адвокат
7229920;ООО техсервис;Главный бухгалтер
68765633;Ярославская СВА;участковый врач-педиатр
235341813;fireside;Директор компании fireside
155448487;НИПИГОРМАШ;Инженер ипытатель
16776282;ЮЭС- филиал МОЭСК;ведущий инженер
79964243;ТДВЕСТЕР;продавец-кассир
3957332;ЗАО МПК Интерхим;менеджер
360823760;KOCHERGANKA;Вторичная личность
73701460;Azercell Musteri Xidmeti;Mobil Temsilci
104950431;тгЛидер;торговый представитель
323944958;http://oktyabrskys.ros.sudrf.ru;Помощник судьи
117691733;Завод;зам. начальника
58542453;славянск на кубани;водитель
1665989;ООО Газпромнефть - Региональные продажи;Начальник Управления ИТАТ
228025179;Таганрогская Таможня;Инспектор
172995619;НПП Аутософт;Инженер-программист
120980006;Кремль;Президент
54240220;Центр ОфиС;Менеджер компании Орифлейм
147390443;ООО Алекс Инжиниринг;Бухгалтер
81634101;организация;менеджер
65360898;учусь;нету
145002773;ЦОФТ;заведующая ЦОФТ
35871157;Дом;Ползающий по полу от скуки
25374833;МАДОУ д/с №51;Воспитатель
8062163;страховая компания;специалист
27090257;д/с №31;Воспитатель
55793792;Крупная компания;Гениральный директор
125845015;токио;токио
37648304;=0;=)
209801131;Iso Orthographc;Gest?o comercial
191797914;школа;Преподаватель русского языка и литературы
161620388;Директор;Директор банка Росбанк России
10523113;редакция газеты Нивх диф;корреспондент
42610550;Кафе Буше;Повар
138966906;в отпуске;отнуск
177023758;Мария-ра;Администратор торгового зала
52683089;ГНУ ЯНИИСХ;гл.спец.НОО
3103370;Икрус;менеджер
84617420;кафе КОМЕДИЯ;администратор
157216622;ООО СпектрПрестиж+;Генеральный директор
321415377;МУП ММР МЦТ;Аниматор
58161967;ООО TTK;Водитель В С
37931606;ЯЭРЗ;оператор станков с ЧПУ
60879244;ТОО ПЦС;Специалист
87002968;Частная практика;практикую Хоопонопоно
78297219;Локомотивное депо;машинист элетровоза
27479927;F.K Barcelona;Полузащитник
131821131;завод Лугансктепловоз;рабочий
203959298;заведующяя магазина;заведующяя магазина
56677373;ИП Торотоев М.Г.;Продавец
65713322;ОАО  ХБ  № 1;КГП
65829175;гагаріна 43\Аптека Доброго Дня\;Касир торговельного зала
178299809;Beemoov;CEO
145906759;"Lohner &amp; Sohn GmbH Co";Jung Monteur
43788962;Строю;сам себе начальник
2314944;***;частный предприниматель
875871;Avan;Курьер
207870983;ООО ЧЕРНОМОРМОНТАЖ;Главный бухгалтер
121723564;Прокофьева - харчевня;старший официант
241844377;пенсионер;пенсионер комисия
99062196;стройка;начальник лопаты
111223585;Звукостудия;Мен
78341742;Лицей-Интернат;Учитель Математики
176394146;батскетхол и лицей номер четыре;заместитель тренера по баскетболу
30747817;Медицинский центр Жемчужина Подолья;Врач-ортопед-травматолог
168295655;секретно;Мастер участка
60237698;минскпромстрой Филиал ЗЖБК;водитель пагрузчика
72314584;вапвап;лророр
336005500;S.T.A.R.S;медик
763472;Korovatskaya Consulting;Owner
193457251;Гознак;Инспектор отдела кадров
96531035;свалка;собератель бутылок
68479855;tiande  faberlic;консультант
35788547;Юридическая Фирма;Директор
136434582;магазин;дирктор
221335327;Сервисная  служба Иском;Руководитель
105846234;медведево;механик
214228875;школа;ученик
33258130;маг.OGGI;продовец кансультант
211400950;полиция;Оперативник
104740952;калхоз;предсидатель
154668045;депо;проводник
287792696;казанский кафедральный собор г элиста;клирик казансккого кафедрального собора
210093916;YouTu  Ютюб;Преприниматель
186161095;Детский сад;Воспитатель
96035535;Директор;Вчитель
284942652;admin servera Minecraft;высокая
24897717;Богема;Персональный менеджер
219397636;Магазин рублевский;Кассир-продавец
212244700;ЯСам;Сама себе начальник!
261850719;ОАО Славнефть-Мегионнефтегаз;Инженер
52480325;ОТВ-Прим;Телеоператор
64249149;ИП;ИП
163480260;ГКУ РК  Управление ППС и ГЗ  ПЧ-141;пожарный
68737275;дурдом;пациэнт
35462988;ТСК;заместитель главного энергетика
57046786;ооо.утк-сталь;водитель-экспедитор
57151174;Морський флот;Боцман
153688977;ПГУ;Студент
64245165;ОАОНевинномысский АЗОТ;мастер по отгрузке цеха №2
76468906;школа;ученик
113557925;ОООВРЕМЯ-2000;раскройщица
30340013;Перспектива;агент по аренде недвижимости
17908182;Челябинский завод;Начальник цеха
73842487;мка ак,,басманная;адвокат
108319953;"&lt;КабМет&gt;";Техник
29535131;УМПО;сварщик
29042241;школа нинзя;чёунин
106517646;ООО Мегаполис-Проект;Директор, ГИП
307945664;Лечу от стресов на дому хозяина;Исцелитель стресов
36064462;УФМС;Специалист
136512825;ТзОВ Промсервіс;електро зварчик
232475704;ООО Черметсиб;Начальник отдела продаж
101637677;Миталл Стил;вальцовщик
85669883;Социальные услуги для пожилых;Социальный работник-
21621899;Харакири;Повар
205081476;ЗАО Гиктона;Заместитель директора
158232431;Mil studio;DPP
19330040;рекламное агентство Честное дело;директор
292798433;тц. волна;ип варлачева
127296358;школа;ученик
223973025;СМЕ;Главный бухгалтер
78043775;з-д ХИММАШ;Сварщик
55149245;Районная государственная администрация;Администратор
316853805;СПД;Предприниматель
212417222;Таджик;Носильщик цемента
70319010;ГКШП мрия;Завпроизводством
67011831;)))))))))))))))))))));програмист
258770917;ИТ Корпорейшн;Старший менеджер
157016653;Национальная академия руководящих кадров культуры и искусств;Доцент
97027209;Сцена;Хочу стати зіркою
83981856;su sk;voditel
243033188;ПЯТЫЙ ЭЛЕМЕНТ;Юрист-адвокат
1321739;УралЭлектроМонтаж;электромонтажник
136919223;Локомотив;Футболист
307995512;i-models;Internet-Modelscout
37015644;магазин;продавец
189179380;Информбюро, ООО;Бизнес-тренер
6696054;ОАО Высокие технологии;Инженер
124994713;ТГУ;преподаватель квантовой механики)
249323545;Шахта Усковская;Машинист насосных установок
175536921;нету;Президент
109971241;МУЗ АГБ;опер.сестра
23480283;ООО Лентекс;заведующий складами
95985626;моу сош №38;учитель
190349278;учреждение образования;Учитель математики
55121843;ТД Магнат НН;Зам. по АХО
105885814;АЛАНИЯ;FUTBOL
215605872;Телеконтакт;Оператор Call-центра
153207583;ГУЗ РПЦ;врач акушер-гинеколог
238866942;ЖФК;Сборщик пакетов
228605942;ОООСХП СВИЯГА;ВЕТ.ФЕЛЬШЕР
255135713;ООО Уралгорнефтемаш;Мастер цеха
110547115;укцеукепыуке;ваенным
54872274;ЗАО ВиТаИ;Инженер-программист
142526603;FK LOKOMOTIV;Vip
69801165;кидала;класный пацан
88118220;ФГБОУ ВПО МГУТУ;Начальник УО
118396679;гимназия 11;учитель английского языка
62868877;Я учусь в школе винк и я поруга маленькой принцессы;Винкс и только Винкс и это мы винкс и пыльца нам нужна мы винкс
71659827;СПК НИКА;Председатель
113182242;магазин  мила;гл.продовец
112471021;школа;ученица
318123241;ИП;Индивидуальный предприниматель
12215714;http://www.ofit-travel.com.ua/;Директор
73841007;В школе;ученица
28622970;шахта комсомольская;инспектор отдела кадров
113684679;GTA;Директор
6897176;ОООДон-Экспресс Плюс;Директор
34684078;мусорщик;лох
162006114;Харьковоблэнерго;ДЭМ
74778735;fgfgf;fgfgfg
8120681;Plastilux;Регіональний менеджер
103170819;водитель пазика;водитель
160026990;УСБ;килер
89697646;Учреждение образования;Учитель
36595249;Hip-Hop индустрия;Элита
23049844;ОККО-НАФТОПРОДУКТ;Провідний фахівець з аналізу та координації роботи служби експлуатації АЗС
69429094;Аэрофлот- Российские Авиалинии;2-й пилот
298337956;Alice Nine, DiaWolf, The Tokyo High Black;Guitarrista
148239765;ЛВЧД-14;проводник пассажирских вагонов
34678638;супермаркет Алмаз;продавец консультант
120877759;ДМШ No13;Музыкант
16396260;Круная организация;юрист
114982774;APEC;Manager
299755831;Агенство переводов АТИ;Руководитель  компании
250015453;астана;Дизайнер интерьера
158190004;совецкая 8;Продавец
237166570;Коммунальное хозяйство;Бухгалтер
72649619;...;.....
348506455;Укрэксимбанк;Главный экономист
33212811;Школа;учитель
39939381;Пед училище;профорг
39422313;Курганстат;экономист
6965718;Налоговая.;юрист
180776290;Аптека;Фармацевт
86760959;ВК ДГП ГосНПЦзем;землеустроитель
268691406;ККУ УГОЧС И ПБ в Алтайском крае;начальник ПЧ
210248120;ГОРОД;ГОВНОДАВ
19052295;Grid Dynamics;Senior Software Engineer
49191158;ЦКДОбериг;Художник-декоратор
69254724;Бизнес;Владелец
51681934;Админ компьютерного заведения;Администратор
112370418;C R U;***********
100762271;Школа;Ученица
274357892;Аптека Максавит;фармацевт
10085773;ПНИПУ, каф. ИЯЛП;заведующая кафедрой
61891835;Зеленый крокодил;Старший грузчик
178281512;Banana;Everywhere
4086305;РОКБ;программист
146653508;нету;капитан
183598778;Ve-gaz;Пиар менеджер
10151533;Selfemployed;Project manager
74557752;республиканский государственный корейский театр музыкальной комедии;актриса муз.драмы
79063323;дом;охраник
64474779;Электротехника;Предприниматель
318995394;Экзотика;Папа Римский
33649031;аптека;Фармацевт
90444221;Администрация Орджоникидзевского района города Екатеринбурга;главный специалист
25431410;Магазин;продавец
139826048;Администрация г. Перми;начальник департамента
82543879;вч. А-1231;солдат!!!!!!!!
336097907;https://www.youtube.com/channel/UCn8nyL-c1f32D7Vw0ki9RiA;https://www.youtube.com/channel/UCn8nyL-c1f32D7Vw0ki9RiA
2651832;Газпром инвест;Начальник отдела
221368413;ДДТ№1,П/кМечта;Педагог
48548617;ГТФ;рабочий
14755165;ДонНАСА;Ассистент кафедры Экономика предприятий
84561930;Водитель трамвая и разнощик пиццы;Глупый вопрос
368983750;Школа №13;Учитель ОБЖ
248454928;Complex Dream Studios;Editor
9844463;ОАО ЗСФ ВНИПИэнергопром;инженер
156818323;Школа;Учительница
172393408;vk.com/so_exhale;Координатор проектов
81526867;Кинематограф;актриса
97036418;DGDSGD;DSGDSGDS
166733830;сы;не
188138670;D.inc. Wear;Dancer
30311272;ДоминантСтрой;Инженер-сметчик
28866991;Ипполитовка, ВГИК;преподаватель
127055886;Директор ТОПОЛЯ;ДИРЕКТОР
43291642;радиозавод им Попова РЕЛЕРО;инженер-конструктор
289997635;QWEERTQWRT;XDCSNKDJFNSJ
3108974;ИЯФ СОРАН;Старший научный сотрудник
85551065;Администрация города;начальник отдела
78308569;ЮКЗемля;Юрист
1744020;ЗАО Ставан-М;менеджер по проектам, инженер КИПиА
186705296;ОАО Сукно;Контролер качества
179647738;фото модель;Модель-фотомодель
72460544;В магозине;Секрет...
79143061;dfdfdf;fdfdfdfdf
100196692;шпола;президент
162903371;Индивидуальный предприниматель;Руководитель
78362800;ОООэльдорадо;кассир
96398211;Спорт;спортсмен
68625290;лагерь Питер-Ямал;вожатая
77143965;эврз;слесарь подвижного состава
76137191;Отдел Держклмзему у Березнеговатском районе;Специалист I категории
13622744;Балтийский банк;Секретарь
133535634;СП ОАО Узэлектроаппарат-Электрощит;инженер-конструктор
76228754;нет ищу;директор
142611167;3333;3333
32982791;Банк;специалист
358039046;Виталюр магазин;Повар
1942158;ООО ЕвразТехника;Начальник отдела эксплуатации и поддержки пользователей
136976389;ТД Мастер;менеджер
210454032;ООО Норд Империал;Добыча нефти
8975323;Вин-завод;начальник склада
